narrow.area;wide.area
Anaesthesia, Emergency and Intensive Care;Науки о здоровье
Anthropology;Общественные науки
Applied geology, petroleum science and engineering;Естественные и инженерные науки
Archaeology and Conservation;Гуманитарные науки
Architecture and Design;Гуманитарные науки
Art History;Гуманитарные науки
Asian and African Studies;Гуманитарные науки
Biology;Естественные и инженерные науки
Biomedicine;Науки о здоровье
Biotechnology;Естественные и инженерные науки
Business and Finance;Общественные науки
Cardiovascular and Respiratory Systems;Науки о здоровье
Chemical Engineering;Естественные и инженерные науки
Chemistry;Естественные и инженерные науки
Civil Engineering;Естественные и инженерные науки
Classical Studies;Гуманитарные науки
Computer Science and Informatics;Естественные и инженерные науки
Dance;Гуманитарные науки
Dentistry;Науки о здоровье
Dermatology and Venerology;Науки о здоровье
Development Studies;Общественные науки
Earth sciences;Естественные и инженерные науки
Economics;Общественные науки
Education and Educational Research;Общественные науки
Electric power engineering;Естественные и инженерные науки
Electronics and cybernetics;Естественные и инженерные науки
Endocrinology;Науки о здоровье
Energy;Естественные и инженерные науки
English Studies;Гуманитарные науки
Environmental technology and industrial ecology;Естественные и инженерные науки
Ethnology;Гуманитарные науки
Gastroenterology and Hepatology;Науки о здоровье
Gender Studies;Общественные науки
General Medicine;Науки о здоровье
General Technology;Естественные и инженерные науки
Geography;Общественные науки
Geriatrics;Науки о здоровье
Germanic Studies;Гуманитарные науки
Gynecology and Obstetrics;Науки о здоровье
Haematology;Науки о здоровье
History;Гуманитарные науки
Industrial engineering and management;Естественные и инженерные науки
Infectious Diseases;Науки о здоровье
Interdisciplinary Humanities;Гуманитарные науки
Interdisciplinary Natural Sciences;Естественные и инженерные науки
Interdisciplinary Social Sciences;Общественные науки
Interdisciplinary Technology;Естественные и инженерные науки
Law;Общественные науки
Library and Information Science;Общественные науки
Linguistics;Гуманитарные науки
Literature;Гуманитарные науки
Marine Technology;Естественные и инженерные науки
Materials Science and Engineering;Естественные и инженерные науки
Mathematics;Естественные и инженерные науки
Mechanical engineering;Естественные и инженерные науки
Media and Communication;Гуманитарные науки
Musicology;Гуманитарные науки
Nephrology;Науки о здоровье
Neurology;Науки о здоровье
Nursing;Науки о здоровье
Nutrition;Науки о здоровье
Oncology;Науки о здоровье
Ophthalmology;Науки о здоровье
Otorhinolaryngology;Науки о здоровье
Pediatrics;Науки о здоровье
Pharmacology and Toxicology;Науки о здоровье
Philosophy and History of Ideas;Гуманитарные науки
Physics;Естественные и инженерные науки
Political Science;Общественные науки
Psychiatry;Науки о здоровье
Psychology;Науки о здоровье
Public, Environmental and Occupational Health;Науки о здоровье
Radiology, Nuclear Medicine and Medical Imaging;Науки о здоровье
Rheumatology;Науки о здоровье
Romance Studies;Гуманитарные науки
Scandinavian Studies;Гуманитарные науки
Slavonic Studies;Гуманитарные науки
Social Work;Общественные науки
Sociology;Общественные науки
Sport Sciences;Науки о здоровье
Surgical Sciences;Науки о здоровье
Theatre and Drama;Гуманитарные науки
Theology and religion;Гуманитарные науки
Veterinary Medicine;Науки о здоровье
